,,,,,,,,,,
,,,,,,,,,,
Essential,Name,Description,Free?,Tech type,Resource type,Resource language,Link,Regularly updated?,Other notes,Even more other notes
⭐⭐⭐🌱,Rikaitan/Yomitan,"mouse over vocab and kanji for readings, definitions, and morphology",free,browser extension,dictionary,English,"Firefox, Chrome",yes,"Great for automatically creating Anki flashcards from vocab you encounter in the wild! Even if you don't use Anki (you should!), this is the fastest and best (tbh) way to look up vocab in browser.","For Anki integration: from Anki, install the AnkiConnect addon in order to allow Rikaitain to create Anki cards. This is also doable on mobile, see this guide!"
⭐⭐⭐🌱,Anki,Spaced-repetition system (SRS) flash card program,free,"program, app, website",study,English,https://apps.ankiweb.net/,yes,"The BEST flash card/SRS platform around. You can study pre-built decks like Kaishi 1.5k, or build your own decks (e.g. with Rikaitan!).  If you are beginner, start with a beginner vocab deck! If you are intermediate but find your vocab lacking, it is worthwhile downloading a vocab deck, then browsing the cards and ""suspending"" all of the vocab you already know by heart (or just relearn them for practice.) If you are more upper intermediate, it is recommended to mine your own vocab from native content, but you may find some prebuilt decks useful.","How to Use Anki ・ Kaishi 1.5k Basic Vocab Deck・ Beginner's Vocab from Anime Deck
   Anki is free on desktop and Android (AnkiDroid), but for a free iOS app you may have to hunt around. The official app on iOS is paid, but you can also access your decks and do reviews from Safari by going to ankiweb.net.
It may be easier to search for prebuilt decks via Google/Reddit/etc. than it is to use Ankiweb's built-in search."
"⭐⭐
🌱",jpdb.io,Comprehensive dictionary; pre-generated vocab decks for books/anime; SRS platform,free,website,"dictionary, study platform",English,https://jpdb.io,yes,"More thorough than most dictionaries in that it compiles lots of info about every word or kanji. Includes kanji decompositions, example sentences, examples words that use a particular kanji, example kanji that use a kanji, frequency info, ...","See for example: 解読-Vocab and 解-Kanji. You can even search for an anime and see full vocab lists for each episode, e.g. here! About jpdb's SRS platform - it could kind of be an Anki alternative, if you really don't want to use Anki. it automatically teaches you dependencies of a word before that word, including kanji components. For example, before teaching you 読解, you will learn 言,売,読; and 角,刀,牛,解. (It gets much more granular than that actually). Also, it tracks what you know across decks, which is super neat!
There are decks for Genki and Minna no Nihongo if you happen to be learning using one of those!
"
"⭐⭐
🌱",WaniKani,"learn radicals, kanji, and vocab by SRS",paid,website/program,study,English,wanikani.com,yes,paid,"Free to access pages for kanji and vocab, e.g.: https://www.wanikani.com/kanji/解"
"⭐⭐
🌱",Tofugu,complete guide on how to start studying and lots of great articles on many topics,free,website,guide,English,https://www.tofugu.com/learn-japanese/,yes,worth reading even (especially?) if you are not a beginner,
⭐,Manabi Reader (iOS only),"all-in-one reading platform: web browser, curated reading content, manga reader, flashcard creation, etc., with one-tap dictionary lookups",free or premium subscription,app,"dictionary, study platform",English,https://reader.manabi.io/,yes,I have not tried it but it is very popular and looks great,
⭐,Ttsu Reader,E-book reader for web browsers (enables Yomitan/Rikaikun etc lookups for e-books!),Free,website/webapp,platform,English?,https://reader.ttsu.app/,yes?,"Upload your e-book (it stays local) and you can read it in browser. Reading in-browser enables dictionary lookups with browser add-ons like Rikaitan/Yomitan, making it easy to add flashcards to Anki for example.",
"⭐
🌱",Bunpro,"SRS platform, but for grammar!",paid,website,study,English,https://bunpro.jp/,yes,"If you are an Anki user, you may instead check out grammar decks such as this Dictionary of Japanese Grammar deck, though it won't be as structured or intentional as Bunpro's platform.",
⭐,Natively,Goodreads-style website specifically for Japanese learners,free,website,study,English,https://learnnatively.com/,yes,Great way to find books that are at your level and track your reading progress,
"⭐
🌱",Jo Mako's Japanese Spreadsheet,Huge resource compilation (like this spreadsheet but better),free,spreadsheet,guide,English,Jo-Mako's Japanese Spreadsheet,yes,,
🌱,Learn Hiragana: Tofugu's Ultimate Guide,Mnemonics for all hiragana,free,website,study,English,https://www.tofugu.com/japanese/learn-hiragana/,no,on Tofugu,
🌱,NHK News Web Easy,News articles in easy (~N4) Japanese,free,website,study,Japanese,https://www3.nhk.or.jp/news/easy/,yes,"New articles every weekday, with option to show/hide furigana, and voiceover!",
,Shirabe Jisho,mobile dictionary with lists and flashcards,free,app (iOS),dictionary,English,https://apps.apple.com/us/app/shirabe-jisho/id1005203380,yes,100% offline after the dictionary is downloaded!,
,Nihongo no Mori,Youtube channel,free,YT channel,study,Japanese,https://www.youtube.com/channel/UCVx6RFaEAg46xfAsD2zz16w,yes," Great N3, N2, N1 lessons, all taught in Japanese. Check out the まとめシリーズ playlist to find a good まとめ video :)",
,Jisho,online dictionary with a corpus of example sentences,free,website,dictionary,English,jisho.org,yes,Has a great radical/component search!,
,Dictionary of Japanese Grammar,Construction and example sentences of thousands of grammar patterns,website free; book series paid,website; books,study,English,Website (unofficial)　・・　Review of physical books,no,"The website is unofficial(tm), and there is more detail and explanation in the books, check out the review. From reading the intermediate volume, I highly recommend!",
🌱,Real Kana,"practice かな and customize which characters, what order, and what typeface",free,website,study,English,https://www.realkana.com/,no,,
🌱,Tadoku,"Graded readers, short stories starting from absolute beginner to intermediate",free,website,study,English,https://tadoku.org/japanese/en/free-books-en/,yes?,,
,weblio,Japanese-language dictionary and thesaurus,free,website,dictionary,Japanese,https://www.weblio.jp/,yes,,
,Jimaku Player,Add Japanese subtitles to Crunchyroll,free (though Crunchyroll is paid),browser extension,tool,N/A,How to upload Japanese subtitles to Crunchyroll : r/LearnJapanese,yes?,"You will need to source your own subtitles... (not hard to do, check the link)",
,Online Japanese Accent Dictionary ,corpus of Japanese pitch-accent patterns by word,free,website,data,"English, Japanese (and many others)",https://www.gavo.t.u-tokyo.ac.jp/ojad/eng/search/index,not sure,What the heck is pitch accent? Read here!,
,Migaku Pitch Trainer,study Tokyo pitch accent patterns by vocab (by SRS?),free,website,study,English,https://pitch-demo.migaku.io/,yes,paid,
,福娘童話集 (Hukumusume),read and listen to Japanese fairytales,free,website,study,Japanese,http://hukumusume.com/douwa/index.html,yes,"there is an English version of the website, but all the stories are translated, as well",
,Nihongo o Narau,"full introductory level online textbook, with lessons on kana, vocab, and grammar",free,website,study,English,http://www.learn-japanese.info/,no,,
,にほんごできます。,introductory level series of video skits,free,website,study,Japanese,https://www.erin.jpf.go.jp/,yes,by the Japan Foundation,
,Maggie Sensei,blog answering learner questions about how to use specific vocab/grammar items,free,website,study,English,https://maggiesensei.com/,yes,,
,すぐにわかるスマホの文字入力,learn how to use the 9-key かな keyboard on your cell phone,free,webpage,practical,Japanese,https://www.qtmobile.jp/guide/text_input/,no,,
,Japan Foundation USA Digital Library,"sign up for a free JFUSA library card to get access to Japan-related books, including manga and textbooks",free,"app, website",multi,"English, Japanese",https://www.jflalc.org/libby (info); https://lp.constantcontactpages.com/sv/NInBYCE/jfod (sign up),yes,short wait period to get card approved; operates through Libby website and app,
,350 Japanese Counters Grouped by Usefulness,so which counters do I ACTUALLY have to memorize?,free,webpage,study,English,https://www.tofugu.com/japanese/japanese-counters-list/,no,on Tofugu,
,Japanese Conjugation Practice,Drill conjugation patterns,free,website,study,English,https://baileysnyder.com/jconj/,no,,
,助数詞を練習,Drill common counters based on level and usage,free,website,study,English,https://www.jyosuushi.com/,yes,,
,Number Listening Practice,"Drill listening to numbers within custom ranges, e.g. 0-100 or 10k-10m",free,website,study,English,"https://langpractice.com/japanese/numbers/listening#1,0,10",?,,
,JLPT先生,Grammar reference,free,website,study,English,https://jlptsensei.com/,,,
,jtest4you,JLPT practice questions,free,website,study,English,https://japanesetest4you.com/,no?,Other websites are also around!,
,Wikipedia - Chinese Character Classification,Article on categories of kanji,free,website,study,English,https://en.wikipedia.org/wiki/Chinese_character_classification,yes,Essential reading to understand how kanji work! But mostly just for enrichment,
,,,,,,,,,,
,,,,,,,,,,
Icon,Meaning,,,,,,,,,
⭐⭐⭐,So good!!!!!,,,,,,,,,
⭐⭐,"Highly recommended, though other highly recommended resources also exist. Worth seriously looking into!",,,,,,,,,
⭐,Be sure to check out :-),,,,,,,,,
🌱,Beginners should check these out!,,,,,,,,,
,"Note that these are relatively subjective, arbitrary, etc. Everyone has a different study method that works for them, and it may take time and experimentation to determine what tools are best for your learning. So explore and see what is out there!!",,,,,,,,,